ym,crime,cases,arrest
2008. 01,살인,19,10
2008. 01,강도,49,4
2008. 01,강간·강제추행,191,3
2008. 01,절도,1870,875
2008. 01,폭력,5534,3593
2008. 02,살인,9,9
2008. 02,강도,43,21
2008. 02,강간·강제추행,184,14
2008. 02,절도,1733,5
2008. 02,폭력,4534,2752
2008. 03,살인,14,7
2008. 03,강도,78,22
2008. 03,강간·강제추행,262,124
2008. 03,절도,2374,305
2008. 03,폭력,5690,3687
2008. 04,살인,19,9
2008. 04,강도,102,86
2008. 04,강간·강제추행,276,174
2008. 04,절도,2513,976
2008. 04,폭력,6080,1360
2008. 05,살인,23,15
2008. 05,강도,79,1
2008. 05,강간·강제추행,297,18
2008. 05,절도,2406,626
2008. 05,폭력,6427,3299
2008. 06,살인,19,16
2008. 06,강도,95,56
2008. 06,강간·강제추행,364,17
2008. 06,절도,2893,2143
2008. 06,폭력,6958,3927
2008. 07,살인,15,8
2008. 07,강도,90,10
2008. 07,강간·강제추행,331,191
2008. 07,절도,2577,2230
2008. 07,폭력,6791,6315
2008. 08,살인,19,2
2008. 08,강도,69,31
2008. 08,강간·강제추행,327,10
2008. 08,절도,2316,2071
2008. 08,폭력,6023,1623
2008. 09,살인,22,22
2008. 09,강도,90,22
2008. 09,강간·강제추행,342,320
2008. 09,절도,2701,782
2008. 09,폭력,6979,6190
2008. 10,살인,18,16
2008. 10,강도,92,64
2008. 10,강간·강제추행,313,49
2008. 10,절도,2620,2399
2008. 10,폭력,6907,4164
2008. 11,살인,19,12
2008. 11,강도,73,2
2008. 11,강간·강제추행,257,102
2008. 11,절도,2387,239
2008. 11,폭력,5871,5590
2008. 12,살인,25,21
2008. 12,강도,88,54
2008. 12,강간·강제추행,277,9
2008. 12,절도,2504,2232
2008. 12,폭력,6493,2809
2009. 01,살인,18,18
2009. 01,강도,93,57
2009. 01,강간·강제추행,214,19
2009. 01,절도,1901,221
2009. 01,폭력,5081,423
2009. 02,살인,11,1
2009. 02,강도,66,33
2009. 02,강간·강제추행,205,92
2009. 02,절도,1870,1471
2009. 02,폭력,5119,2659
2009. 03,살인,18,1
2009. 03,강도,121,76
2009. 03,강간·강제추행,279,256
2009. 03,절도,2913,2548
2009. 03,폭력,6532,5296
2009. 04,살인,16,15
2009. 04,강도,128,120
2009. 04,강간·강제추행,281,163
2009. 04,절도,2662,2133
2009. 04,폭력,6531,2466
2009. 05,살인,29,7
2009. 05,강도,288,202
2009. 05,강간·강제추행,340,218
2009. 05,절도,3767,499
2009. 05,폭력,7049,2233
2009. 06,살인,25,8
2009. 06,강도,127,55
2009. 06,강간·강제추행,378,332
2009. 06,절도,3397,2432
2009. 06,폭력,7459,259
2009. 07,살인,20,13
2009. 07,강도,150,19
2009. 07,강간·강제추행,363,57
2009. 07,절도,4122,2441
2009. 07,폭력,6870,5559
2009. 08,살인,34,3
2009. 08,강도,104,91
2009. 08,강간·강제추행,371,195
2009. 08,절도,3324,35
2009. 08,폭력,5544,3823
2009. 09,살인,21,15
2009. 09,강도,132,126
2009. 09,강간·강제추행,351,345
2009. 09,절도,4395,1241
2009. 09,폭력,6117,4959
2009. 10,살인,22,18
2009. 10,강도,129,77
2009. 10,강간·강제추행,342,15
2009. 10,절도,3458,642
2009. 10,폭력,5626,3155
2009. 11,살인,20,8
2009. 11,강도,97,83
2009. 11,강간·강제추행,306,193
2009. 11,절도,2973,2185
2009. 11,폭력,5611,5332
2009. 12,살인,16,15
2009. 12,강도,75,13
2009. 12,강간·강제추행,328,13
2009. 12,절도,2385,1817
2009. 12,폭력,5528,3924
2010. 01,살인,12,10
2010. 01,강도,53,12
2010. 01,강간·강제추행,222,53
2010. 01,절도,1773,1685
2010. 01,폭력,4783,979
2010. 02,살인,15,14
2010. 02,강도,79,71
2010. 02,강간·강제추행,249,221
2010. 02,절도,2218,1361
2010. 02,폭력,4300,2500
2010. 03,살인,28,13
2010. 03,강도,68,59
2010. 03,강간·강제추행,395,170
2010. 03,절도,3252,403
2010. 03,폭력,5515,1887
2010. 04,살인,24,24
2010. 04,강도,104,92
2010. 04,강간·강제추행,399,104
2010. 04,절도,3720,3309
2010. 04,폭력,5474,280
2010. 05,살인,25,19
2010. 05,강도,102,77
2010. 05,강간·강제추행,471,337
2010. 05,절도,4950,2710
2010. 05,폭력,6017,5214
2010. 06,살인,29,24
2010. 06,강도,85,6
2010. 06,강간·강제추행,449,344
2010. 06,절도,4744,4590
2010. 06,폭력,6071,2722
2010. 07,살인,30,11
2010. 07,강도,93,37
2010. 07,강간·강제추행,443,273
2010. 07,절도,4693,2109
2010. 07,폭력,5909,1739
2010. 08,살인,23,22
2010. 08,강도,78,66
2010. 08,강간·강제추행,510,198
2010. 08,절도,5014,4727
2010. 08,폭력,6330,5637
2010. 09,살인,27,6
2010. 09,강도,97,90
2010. 09,강간·강제추행,496,107
2010. 09,절도,4574,3999
2010. 09,폭력,6160,1129
2010. 10,살인,29,17
2010. 10,강도,106,28
2010. 10,강간·강제추행,450,425
2010. 10,절도,4830,4741
2010. 10,폭력,6103,3101
2010. 11,살인,26,18
2010. 11,강도,84,53
2010. 11,강간·강제추행,403,22
2010. 11,절도,4728,2403
2010. 11,폭력,6018,4338
2010. 12,살인,26,11
2010. 12,강도,80,64
2010. 12,강간·강제추행,452,240
2010. 12,절도,4891,4199
2010. 12,폭력,6118,5954
2011. 01,살인,22,21
2011. 01,강도,75,39
2011. 01,강간·강제추행,325,194
2011. 01,절도,3816,3601
2011. 01,폭력,5276,1303
2011. 02,살인,16,9
2011. 02,강도,93,46
2011. 02,강간·강제추행,355,55
2011. 02,절도,4426,1101
2011. 02,폭력,4889,450
2011. 03,살인,28,4
2011. 03,강도,113,45
2011. 03,강간·강제추행,500,58
2011. 03,절도,7441,5902
2011. 03,폭력,6214,4744
2011. 04,살인,16,13
2011. 04,강도,77,12
2011. 04,강간·강제추행,381,267
2011. 04,절도,4052,804
2011. 04,폭력,5379,1620
2011. 05,살인,29,27
2011. 05,강도,65,9
2011. 05,강간·강제추행,494,178
2011. 05,절도,4306,4229
2011. 05,폭력,6174,4175
2011. 06,살인,27,18
2011. 06,강도,61,34
2011. 06,강간·강제추행,507,52
2011. 06,절도,4317,2762
2011. 06,폭력,6130,3787
2011. 07,살인,17,14
2011. 07,강도,101,42
2011. 07,강간·강제추행,569,176
2011. 07,절도,4609,2198
2011. 07,폭력,7332,7238
2011. 08,살인,25,24
2011. 08,강도,101,38
2011. 08,강간·강제추행,528,221
2011. 08,절도,4687,3987
2011. 08,폭력,6730,145
2011. 09,살인,21,14
2011. 09,강도,68,31
2011. 09,강간·강제추행,437,19
2011. 09,절도,4297,2829
2011. 09,폭력,6035,216
2011. 10,살인,16,16
2011. 10,강도,68,27
2011. 10,강간·강제추행,423,134
2011. 10,절도,4336,4066
2011. 10,폭력,6087,121
2011. 11,살인,22,12
2011. 11,강도,47,21
2011. 11,강간·강제추행,400,96
2011. 11,절도,4121,540
2011. 11,폭력,6077,3
2011. 12,살인,19,17
2011. 12,강도,87,16
2011. 12,강간·강제추행,333,37
2011. 12,절도,4004,1492
2011. 12,폭력,5738,1118
2012. 01,살인,15,3
2012. 01,강도,43,19
2012. 01,강간·강제추행,279,215
2012. 01,절도,3727,2301
2012. 01,폭력,5235,707
2012. 02,살인,15,1
2012. 02,강도,46,36
2012. 02,강간·강제추행,297,59
2012. 02,절도,3341,2806
2012. 02,폭력,4683,2816
2012. 03,살인,11,1
2012. 03,강도,44,4
2012. 03,강간·강제추행,309,49
2012. 03,절도,3839,3179
2012. 03,폭력,5418,1980
2012. 04,살인,19,14
2012. 04,강도,59,30
2012. 04,강간·강제추행,380,76
2012. 04,절도,4601,450
2012. 04,폭력,5852,131
2012. 05,살인,16,14
2012. 05,강도,56,24
2012. 05,강간·강제추행,467,197
2012. 05,절도,5392,3285
2012. 05,폭력,6426,6364
2012. 06,살인,15,14
2012. 06,강도,36,3
2012. 06,강간·강제추행,479,78
2012. 06,절도,5494,4612
2012. 06,폭력,6346,4241
2012. 07,살인,22,9
2012. 07,강도,50,12
2012. 07,강간·강제추행,595,454
2012. 07,절도,6288,5500
2012. 07,폭력,6775,6742
2012. 08,살인,17,3
2012. 08,강도,74,5
2012. 08,강간·강제추행,480,250
2012. 08,절도,6287,5335
2012. 08,폭력,6513,6354
2012. 09,살인,10,8
2012. 09,강도,43,23
2012. 09,강간·강제추행,480,444
2012. 09,절도,5328,3044
2012. 09,폭력,5986,1403
2012. 10,살인,14,2
2012. 10,강도,38,13
2012. 10,강간·강제추행,458,328
2012. 10,절도,6131,1814
2012. 10,폭력,6563,459
2012. 11,살인,16,15
2012. 11,강도,39,38
2012. 11,강간·강제추행,381,235
2012. 11,절도,5602,5528
2012. 11,폭력,5559,4487
2012. 12,살인,9,4
2012. 12,강도,42,36
2012. 12,강간·강제추행,303,183
2012. 12,절도,5406,1050
2012. 12,폭력,5276,3834
2013. 01,살인,15,1
2013. 01,강도,38,18
2013. 01,강간·강제추행,308,261
2013. 01,절도,4858,235
2013. 01,폭력,4990,2065
2013. 02,살인,13,9
2013. 02,강도,39,4
2013. 02,강간·강제추행,271,150
2013. 02,절도,4382,2747
2013. 02,폭력,4192,2556
2013. 03,살인,9,2
2013. 03,강도,45,13
2013. 03,강간·강제추행,364,330
2013. 03,절도,4266,971
2013. 03,폭력,4936,4691
2013. 04,살인,12,7
2013. 04,강도,52,31
2013. 04,강간·강제추행,448,227
2013. 04,절도,4915,4549
2013. 04,폭력,5363,1610
2013. 05,살인,15,5
2013. 05,강도,33,20
2013. 05,강간·강제추행,487,477
2013. 05,절도,5203,4160
2013. 05,폭력,5834,4833
2013. 06,살인,9,1
2013. 06,강도,35,3
2013. 06,강간·강제추행,554,86
2013. 06,절도,5871,3026
2013. 06,폭력,5740,3665
2013. 07,살인,15,9
2013. 07,강도,25,16
2013. 07,강간·강제추행,590,84
2013. 07,절도,5830,5255
2013. 07,폭력,6366,5125
2013. 08,살인,16,4
2013. 08,강도,36,5
2013. 08,강간·강제추행,537,278
2013. 08,절도,5650,3668
2013. 08,폭력,5796,2713
2013. 09,살인,12,12
2013. 09,강도,22,9
2013. 09,강간·강제추행,485,320
2013. 09,절도,5602,4276
2013. 09,폭력,5603,4614
2013. 10,살인,16,1
2013. 10,강도,32,1
2013. 10,강간·강제추행,589,435
2013. 10,절도,5690,1366
2013. 10,폭력,6016,2153
2013. 11,살인,13,5
2013. 11,강도,29,20
2013. 11,강간·강제추행,346,15
2013. 11,절도,4702,2286
2013. 11,폭력,5367,49
2013. 12,살인,7,2
2013. 12,강도,34,17
2013. 12,강간·강제추행,408,175
2013. 12,절도,4616,3266
2013. 12,폭력,5219,3894
