id,mid,fin,improve
1,72,72,1
2,88,100,1
3,94,95,0
4,64,67,0
5,92,91,1
6,78,78,1
7,85,98,1
8,62,90,0
9,81,82,1
10,56,82,0
11,100,53,0
12,71,69,1
13,77,88,1
14,51,64,1
15,91,96,1
16,94,98,1
17,55,52,0
18,77,91,1
19,77,75,1
20,93,97,0
21,93,100,1
22,69,100,0
23,79,90,1
24,60,79,0
25,77,87,0
26,74,87,0
27,88,94,0
28,82,100,0
29,50,55,1
30,76,75,1
31,62,60,1
32,90,100,1
33,52,50,1
34,88,90,1
35,55,68,1
36,57,68,0
37,76,77,1
38,58,58,1
39,86,100,1
40,82,96,1
41,100,93,0
42,91,77,0
43,93,79,0
44,73,84,1
45,64,67,1
46,81,84,0
47,81,90,0
48,73,86,0
49,90,100,1
50,98,95,0
51,98,80,0
52,61,84,0
53,88,86,1
54,51,50,1
55,52,52,0
56,98,100,1
57,86,93,1
58,98,98,1
59,66,71,1
60,98,100,1
61,51,73,0
62,51,66,1
63,77,89,1
64,72,71,1
65,86,76,0
66,81,88,1
67,82,51,0
68,50,75,0
69,68,82,1
70,51,89,0
71,93,82,0
72,75,81,1
73,81,92,0
74,55,97,0
75,81,85,1
76,53,78,0
77,60,91,0
78,66,66,1
79,87,100,1
80,73,74,0
81,54,73,0
82,83,93,1
83,55,59,1
84,71,85,0
85,60,70,1
86,97,95,1
87,65,57,0
88,82,93,1
89,58,71,1
90,55,66,1
91,65,61,0
92,78,100,0
93,52,72,0
94,69,64,0
95,85,77,0
96,68,83,0
97,75,74,1
98,52,66,1
99,68,91,0
100,69,55,0
101,81,93,1
102,56,64,1
103,90,92,1
104,82,80,1
105,89,57,0
106,88,97,1
107,67,93,0
108,89,54,0
109,50,54,1
110,60,61,1
111,77,80,1
112,74,94,0
113,99,100,1
114,72,84,0
115,80,85,1
116,79,65,0
117,91,100,1
118,84,99,0
119,56,91,0
120,65,79,1
121,75,68,0
122,97,99,1
123,98,100,1
124,51,61,0
125,50,50,1
126,97,50,0
127,61,96,0
128,54,83,0
129,86,99,1
130,81,86,1
131,58,94,0
132,90,50,0
133,84,97,1
134,68,88,0
135,97,99,1
136,65,65,1
137,52,61,0
138,69,75,0
139,73,65,0
140,82,100,0
141,73,86,0
142,60,71,1
143,98,77,0
144,57,54,0
145,85,97,1
146,87,100,1
147,89,79,0
148,69,80,1
149,84,54,0
150,97,61,0
