지역코드,성별,K은행대출,W은행대출
190105,남자,195.6,4300
190106,남자,116.4,7500
190107,남자,183.6,2900
190108,남자,168,5300
190109,남자,169.2,4000
190110,남자,171.6,5100
190111,여자,207.6,5700
190112,남자,201.6,5900
190113,남자,111.6,5100
190114,여자,156,5700
190115,남자,225.6,5800
190116,남자,220.8,4300
190117,남자,244.8,8700
190118,남자,184.8,4100
190119,남자,194.4,6600
190120,남자,200.4,6100
190121,남자,153.6,6300
190122,남자,170.4,9200
190123,남자,184.8,7700
190124,남자,232.8,9400
190125,남자,134.4,5650
190126,남자,160.8,8600
190127,남자,230.4,3100
190128,남자,180,3800
190129,남자,164.4,4600
190130,남자,180,4000
190131,남자,195.6,6200
190132,남자,170.4,2100
190133,남자,199.2,2700
190134,남자,162,3100
190135,남자,160.8,2500
190136,여자,111.6,2600
190137,여자,163.2,2300
190138,남자,160.8,3100
190139,여자,160.8,7400
190140,여자,210,8200
190141,여자,176.4,3000
190142,여자,176.4,3000
190143,남자,147.6,4300
190144,여자,237.6,5400
190145,여자,194.4,5500
190146,여자,142.8,6000
190147,남자,195.6,5100
190148,남자,181.2,2900
190149,남자,168,5800
190150,남자,154.8,5800
190151,남자,159.6,5900
190152,남자,181.2,4700
190153,여자,181.2,4700
190154,여자,145.2,4000
190155,남자,177.6,4700
190156,여자,80.4,4500
190157,남자,176.4,5200
190158,여자,168,7500
190159,남자,154.8,5400
190160,여자,160.8,8500
190161,남자,160.8,5000
190162,여자,112.8,5900
190163,남자,159.6,7100
190164,남자,182.4,2300
190165,여자,170.4,3900
190166,여자,232.8,4200
190167,남자,214.8,6500
190168,남자,184.8,9500
190169,여자,147.6,6100
190170,남자,81.6,2800
190171,여자,135.6,5600
190172,여자,237.6,3300
190173,여자,174,4300
190174,여자,134.4,2600
190175,여자,184.8,7000
190176,여자,96,4600
190177,남자,194.4,4300
190178,남자,146.4,2900
190179,남자,126,5100
190180,남자,151.2,8600
190181,여자,117.6,3600
190182,여자,138,6000
190183,남자,193.2,400
190184,남자,195.6,5900
190185,여자,145.2,4600
190186,여자,216,7200
190187,남자,204,4900
190188,여자,238.8,4300
190189,여자,165.6,6050
190190,여자,231.6,7300
190191,여자,168,7700
190192,여자,216,6200
190193,남자,205.2,5000
190194,남자,217.2,5900
